Corpus Size,Top K,TF-IDF Time (s),BM25 Time (s)
1000,5,0.9156622886657715,2.4206581115722656
1000,10,0.7594904899597168,2.054522752761841
1000,20,0.5729885101318359,1.5905332565307617
5000,5,2.909715175628662,8.668907165527344
5000,10,2.395822763442993,8.183321952819824
5000,20,2.4169044494628906,8.247055768966675
10000,5,4.583989381790161,21.142595529556274
10000,10,4.549661874771118,21.566640615463257
10000,20,4.536948204040527,22.18059277534485
